0,1484559671823,click,1158,561
0,1484559673480,click,1220,585
0,1484559673831,click,1184,525
0,1484559674276,click,start-text
0,1484559674458,click,start-text
0,1484559674601,click,start-text
0,1484559676263,click,1024,494
1,1484559676785,Task started
1,1484559677780,click,1041,508
1,1484559677964,click,1154,550
1,1484559678114,click,1124,564
1,1484559678302,click,1092,550
1,1484559678466,click,1089,548
1,1484559678643,click,1092,548
1,1484559678964,click,1232,508
1,1484559679197,Task completed
1,1484559679813,click,start-text
1,1484559680072,click,898,517
1,1484559680267,click,933,554
1,1484559680453,click,1073,572
1,1484559680648,click,1204,600
1,1484559680827,click,1204,600
2,1484559680986,Task started
2,1484559681419,click,1198,550
2,1484559681622,click,1133,518
2,1484559682549,click,1333,542
2,1484559682724,Task completed
2,1484559684081,click,1341,542
2,1484559684258,click,1341,542
2,1484559684424,click,1341,542
2,1484559838585,click,1041,176
2,1484559841583,sitebar thread-1 clicked
2,1484559841617,click,164,224
2,1484559849242,click,560,270
2,1484560152153,btn-reset clicked
2,1484560152177,click,btn-reset
2,1484560153795,btn-reset clicked
2,1484560153801,click,btn-reset
2,1484560154008,btn-reset clicked
2,1484560154013,click,btn-reset
2,1484560154197,btn-reset clicked
2,1484560154203,click,btn-reset
2,1484560154512,btn-reset clicked
2,1484560154518,click,btn-reset
2,1484560154712,btn-reset clicked
2,1484560154721,click,btn-reset
2,1484560155243,click,484,182
2,1484560155507,click,534,176
2,1484560155935,click,988,212
2,1484560156130,click,988,212
2,1484560198203,click,1008,262
2,1484560265631,click,174,174
2,1484560266113,click,236,176
2,1484560266303,click,236,176
2,1484560479150,btn-reset clicked
2,1484560479174,click,btn-reset
2,1484560555995,click,176,177
2,1484560559396,click,632,154
2,1484560575953,click,153,174
2,1484560577892,click,example-threads
2,1484560578242,sitebar thread-1 clicked
2,1484560578260,click,172,310
2,1484560579155,click,209,165
2,1484560580988,click,164,190
2,1484560581818,click,152,169
2,1484560581988,click,152,169
2,1484560582251,click,152,169
2,1484560583324,click,184,176
2,1484560583508,click,184,176
2,1484560583685,click,184,176
2,1484560584332,click,364,386
2,1484560584962,click,172,184
2,1484560585137,click,172,184
2,1484560585288,click,172,184
2,1484560585441,click,172,184
2,1484560585614,click,172,184
2,1484560585760,click,172,184
2,1484560585922,click,172,184
2,1484560586376,click,178,180
2,1484560586770,click,362,380
2,1484560587155,click,182,196
2,1484560587499,click,184,158
2,1484560587669,click,184,158
2,1484560587841,click,184,158
2,1484560588024,click,184,158
2,1484560588166,click,184,158
2,1484560588311,click,184,158
2,1484560616062,click,177,193
2,1484560618543,click,160,192
2,1484560620193,sitebar thread-2 clicked
2,1484560620245,click,177,420
2,1484560621226,click,126,166
2,1484560622797,click,152,184
2,1484560624008,click,952,488
2,1484560627366,click,160,178
2,1484561666179,sitebar thread-2 clicked
2,1484561666221,click,189,448
2,1484561682779,click,452,166
2,1484561683001,click,444,166
2,1484561683816,click,541,174
2,1484561684626,click,625,177
2,1484561684781,click,629,178
2,1484561690223,click,1086,248
2,1484561690408,click,1084,250
2,1484561690868,click,1208,262
2,1484561691026,click,1216,262
2,1484561693637,mainvis comment clicked: dc46l0b
2,1484561693645,click,472,552
2,1484561980474,secondvis comment clicked: t1_dc4yzsd
2,1484561980502,click,846,408
2,1484561981918,click,842,412
2,1484561982433,secondvis comment clicked: t1_dc3upj6
2,1484561982443,click,804,404
2,1484561983124,secondvis comment clicked: t1_dc46l0b
2,1484561983130,click,756,428
2,1484561986525,secondvis comment clicked: t1_dc4aztf
2,1484561986532,click,832,524
2,1484561987784,secondvis comment clicked: t1_dc3upj6
2,1484561987792,click,813,388
2,1484561989948,secondvis comment clicked: t1_dc46l0b
2,1484561989955,click,750,418
2,1484561993284,click,1312,368
2,1484562233749,sitebar thread-1 clicked
2,1484562233772,click,172,338
2,1484562240813,mainvis comment clicked: dc3joc1
2,1484562240821,click,618,546
2,1484562278182,sitebar thread-1 clicked
2,1484562278203,click,176,337
2,1484562282906,mainvis comment clicked: dc3ful2
2,1484562282916,click,564,730
2,1484562289618,secondvis comment clicked: t1_dc3nq8s
2,1484562289631,click,992,510
2,1484562299348,secondvis comment clicked: t1_dc3utez
2,1484562299360,click,1061,524
2,1484562300736,secondvis comment clicked: t1_dc3nkax
2,1484562300748,click,1120,408
2,1484562340138,click,1190,362
2,1484562348500,sitebar thread-5 clicked
2,1484562348523,click,169,678
2,1484562363218,mainvis comment clicked: d42e5un
2,1484562363231,click,434,621
2,1484562369450,secondvis comment clicked: t1_d42e5un
2,1484562369459,click,1196,532
2,1484562370751,secondvis comment clicked: t1_d42cxmu
2,1484562370760,click,1240,606
2,1484562380840,sitebar thread-1 clicked
2,1484562380873,click,182,336
2,1484562394489,mainvis comment clicked: dc3jq7c
2,1484562394499,click,536,608
2,1484562401288,secondvis comment clicked: t1_dc35ei5
2,1484562401303,click,850,476
2,1484562404623,click,1208,192
2,1484562404800,click,1224,192
2,1484562431912,sitebar thread-5 clicked
2,1484562431939,click,101,664
2,1484562438722,click,424,482
2,1484562439051,mainvis comment clicked: d42du9q
2,1484562439061,click,436,488
2,1484562447282,click,1212,550
2,1484562448278,click,1208,550
2,1484562448917,click,1208,552
2,1484562449169,secondvis comment clicked: t1_d43ihfh
2,1484562449187,click,1210,554
2,1484562451785,click,1133,562
2,1484562455330,secondvis comment clicked: t1_d42dfpv
2,1484562455339,click,1124,582
2,1484562503270,sitebar thread-3 clicked
2,1484562503291,click,166,516
2,1484562510484,click,1201,673
2,1484562511811,mainvis comment clicked: dc3fstc
2,1484562511820,click,460,512
2,1484562530488,secondvis comment clicked: t1_dc3beah
2,1484562530500,click,1009,637
2,1484562532192,secondvis comment clicked: t1_dc38174
2,1484562532206,click,1080,633
2,1484562542737,click,1240,609
2,1484562576602,sitebar thread-6 clicked
2,1484562576623,click,116,672
2,1484562586566,click,1294,536
2,1484562598323,mainvis comment clicked: dc3cqwa
2,1484562598331,click,438,668
2,1484562611358,click,1325,448
2,1484562616758,click,1282,296
2,1484562618593,click,772,282
2,1484562624119,click,510,502
2,1484562630021,click,884,522
2,1484562691574,sitebar thread-6 clicked
2,1484562691600,click,144,672
2,1484562705007,mainvis comment clicked: dc3k5gn
2,1484562705016,click,462,616
2,1484562711929,secondvis comment clicked: t1_dc3k5gn
2,1484562711938,click,1072,362
2,1484562712480,click,1236,277
2,1484562716385,secondvis comment clicked: t1_dc3k5gn
2,1484562716394,click,1408,440
2,1484562718486,secondvis comment clicked: t1_dc3k5gn
2,1484562718494,click,698,238
2,1484562718811,click,1281,410
2,1484562725928,click,details-1
2,1484562726228,click,details-2
2,1484562781141,click,706,305
2,1484562789686,click,848,98
2,1484562792090,sitebar thread-1 clicked
2,1484562792126,click,144,326
2,1484562798528,mainvis comment clicked: dc3ful2
2,1484562798546,click,468,520
2,1484562815254,click,644,521
2,1484562815732,click,tree
2,1484562894886,secondvis comment clicked: t1_dc3llh5
2,1484562894912,click,624,356
2,1484562914429,sitebar thread-2 clicked
2,1484562914473,click,85,390
2,1484562922338,click,main-vis
2,1484562936031,click,884,628
2,1484562937747,mainvis comment clicked: dc485c5
2,1484562937763,click,440,584
2,1484562942025,secondvis comment clicked: t1_dc485c5
2,1484562942044,click,540,573
2,1484562985016,sitebar thread-1 clicked
2,1484562985050,click,120,326
2,1484562990125,click,464,620
2,1484562990519,mainvis comment clicked: dc3ful2
2,1484562990532,click,466,624
2,1484562996052,secondvis comment clicked: t1_dc3ful2
2,1484562996069,click,510,688
2,1484563049279,sitebar thread-6 clicked
2,1484563049314,click,132,694
2,1484563061712,click,776,496
2,1484563063098,mainvis comment clicked: dc4d2zb
2,1484563063111,click,573,630
2,1484563067428,secondvis comment clicked: t1_dc4d2zb
2,1484563067443,click,1009,702
2,1484563069124,click,1032,632
2,1484563069676,click,1045,626
2,1484563070527,secondvis comment clicked: t1_dc4ehbd
2,1484563070539,click,1038,628
2,1484563071814,secondvis comment clicked: t1_dc4fg9u
2,1484563071829,click,1004,612
2,1484563075411,secondvis comment clicked: t1_dc4gos2
2,1484563075423,click,929,340
2,1484563076236,secondvis comment clicked: t1_dc4d2zb
2,1484563076246,click,948,388
2,1484563078508,secondvis comment clicked: t1_dc4gos2
2,1484563078521,click,932,440
2,1484563079947,secondvis comment clicked: t1_dc4firs
2,1484563079960,click,924,533
2,1484563081307,secondvis comment clicked: t1_dc4fx8r
2,1484563081318,click,948,502
2,1484563085572,click,888,501
2,1484563085991,click,417,504
0,1484574655195,sitebar thread-6 clicked
0,1484574655203,click,157,624
0,1484574689104,click,448,404
0,1484574689269,click,448,404
0,1484574696445,click,373,224
0,1484574696448,click,ranking-2
0,1484574706483,new start date: 1483735690000
0,1484574706484,new end date: 1483753454174
0,1484574706502,click,timeline
0,1484574713215,click,134,58
0,1484574719300,click,main-vis
0,1484574719477,click,1272,338
0,1484574792350,click,favorites
0,1484574792516,click,favorites
0,1484581315065,click,input-url
0,1484581316439,btn-load clicked
0,1484581316455,click,btn-load
0,1484581328699,click,1262,150
0,1484581961118,click,120,184
