0,1485509432295,click,917,182
0,1485509446145,click,605,131
0,1485512052067,sitebar thread-1 clicked
0,1485512052111,click,122,114
0,1485512078752,click,1052,223
0,1485512081379,click,610,152
0,1485512083285,sitebar thread-1 clicked
0,1485512083320,click,118,114
0,1485512100774,click,813,115
0,1485512302856,click,1037,204
0,1485512304018,sitebar thread-1 clicked
0,1485512304052,click,165,112
0,1485512309364,click,437,250
0,1485512519071,click,804,345
0,1485512522076,sitebar thread-1 clicked
0,1485512522107,click,138,110
0,1485512562059,click,781,216
0,1485512563253,sitebar thread-1 clicked
0,1485512563298,click,123,134
0,1485512621063,click,1054,257
0,1485512623537,sitebar thread-1 clicked
0,1485512623571,click,160,119
0,1485512678583,click,796,111
0,1485512762720,sitebar thread-1 clicked
0,1485512762758,click,182,115
0,1485512790081,click,633,199
0,1485512791135,click,example-threads
0,1485512791629,sitebar thread-1 clicked
0,1485512791656,click,130,127
0,1485512839234,click,316,120
0,1485512841025,sitebar thread-1 clicked
0,1485512841060,click,120,109
0,1485512868093,click,svgd
0,1485512896860,click,1019,211
0,1485512898522,sitebar thread-1 clicked
0,1485512898560,click,127,108
0,1485512923623,click,1016,225
0,1485512925007,sitebar thread-1 clicked
0,1485512925049,click,156,124
0,1485513154098,click,1069,244
0,1485513351117,click,1032,140
0,1485513558833,click,939,292
0,1485513560515,sitebar thread-1 clicked
0,1485513560551,click,152,108
0,1485513589659,click,809,359
0,1485513591947,sitebar thread-1 clicked
0,1485513591993,click,134,112
0,1485513604172,click,authors-card-info
0,1485513621186,click,756,339
0,1485513622337,sitebar thread-1 clicked
0,1485513622374,click,157,118
0,1485513695995,sitebar thread-1 clicked
0,1485513696029,click,124,130
0,1485513721142,click,486,276
0,1485513908478,sitebar thread-1 clicked
0,1485513908524,click,178,123
0,1485513912886,click,731,335
0,1485513930736,click,1063,355
0,1485513932270,sitebar thread-1 clicked
0,1485513932312,click,120,122
0,1485513961407,click,909,355
0,1485513962395,sitebar thread-1 clicked
0,1485513962434,click,113,111
0,1485513966968,click,authors-card-info
0,1485514024620,click,1077,348
0,1485514025840,sitebar thread-1 clicked
0,1485514025884,click,97,122
0,1485514064497,click,1051,357
0,1485514065906,sitebar thread-1 clicked
0,1485514065945,click,175,112
0,1485514080399,click,lifetime-card-info
0,1485514081534,click,level-card-info
0,1485514221237,click,1094,411
0,1485514311208,sitebar thread-1 clicked
0,1485514311243,click,80,105
0,1485514348855,click,level-card-info
0,1485514561113,sitebar thread-1 clicked
0,1485514561151,click,169,120
0,1485514566158,mainvis comment clicked: dc3stjs
0,1485514566179,click,605,257
0,1485514573580,secondvis comment clicked: t1_dc3llh5
0,1485514573588,click,590,268
0,1485514574317,secondvis comment clicked: t1_dc3stjs
0,1485514574326,click,549,300
0,1485514575672,secondvis comment clicked: t1_dc3llh5
0,1485514575678,click,582,263
0,1485514577115,secondvis comment clicked: t1_dc402k8
0,1485514577122,click,590,307
0,1485514577825,secondvis comment clicked: t1_dc4r83y
0,1485514577833,click,634,311
0,1485514578655,secondvis comment clicked: t1_dc4l8g2
0,1485514578663,click,624,247
0,1485514579048,secondvis comment clicked: t1_dc3llh5
0,1485514579055,click,575,266
0,1485514579815,secondvis comment clicked: t1_dc3stjs
0,1485514579820,click,552,292
0,1485514580322,secondvis comment clicked: t1_dc46kuw
0,1485514580331,click,523,321
0,1485514580964,click,547,334
0,1485514581422,secondvis comment clicked: t1_dc3wi2b
0,1485514581428,click,550,339
0,1485514581990,secondvis comment clicked: t1_dc401fk
0,1485514581996,click,570,376
0,1485514582737,secondvis comment clicked: t1_dc402k8
0,1485514582743,click,592,314
0,1485514583488,secondvis comment clicked: t1_dc3y5av
0,1485514583497,click,544,251
0,1485514584313,click,516,284
0,1485514584656,click,501,288
0,1485514585096,secondvis comment clicked: t1_dc3vqre
0,1485514585105,click,506,287
0,1485514585700,click,474,280
0,1485514586053,click,463,274
0,1485514586654,secondvis comment clicked: t1_dc44nb7
0,1485514586660,click,500,240
0,1485514587440,secondvis comment clicked: t1_dc48zd5
0,1485514587448,click,466,272
0,1485514603707,click,1019,436
0,1485514605951,sitebar thread-1 clicked
0,1485514605986,click,119,112
0,1485514611184,mainvis comment clicked: dc3vqre
0,1485514611198,click,640,412
0,1485514714650,click,715,311
0,1485514853298,click,1053,414
0,1485514854579,sitebar thread-1 clicked
0,1485514854613,click,119,122
0,1485514860261,mainvis comment clicked: dc3joc1
0,1485514860276,click,503,447
0,1485514991849,sitebar thread-1 clicked
0,1485514991891,click,142,121
0,1485514996764,mainvis comment clicked: dc40p49
0,1485514996784,click,716,225
0,1485515021323,click,1041,469
0,1485515022711,sitebar thread-1 clicked
0,1485515022754,click,167,117
0,1485515028089,mainvis comment clicked: dc40p49
0,1485515028105,click,716,328
0,1485515067115,click,1062,415
0,1485515068166,sitebar thread-1 clicked
0,1485515068200,click,150,126
0,1485515094732,click,791,359
0,1485515096037,sitebar thread-1 clicked
0,1485515096079,click,131,112
0,1485515130638,click,svgd
0,1485515131727,sitebar thread-1 clicked
0,1485515131761,click,143,104
0,1485515136139,mainvis comment clicked: dc40p49
0,1485515136153,click,718,311
0,1485515145522,mainvis comment clicked: dc35ei5
0,1485515145535,click,386,388
0,1485515154952,click,508,460
0,1485515155900,secondvis comment clicked: t1_dc35aqx
0,1485515155909,click,566,452
0,1485515156921,secondvis comment clicked: t1_dc35ei5
0,1485515156927,click,612,463
0,1485515158260,click,629,414
0,1485515159009,secondvis comment clicked: t1_dc35aqx
0,1485515159017,click,459,399
0,1485515159383,secondvis comment clicked: t1_dc35ei5
0,1485515159393,click,497,407
0,1485515159777,secondvis comment clicked: t1_dc35aqx
0,1485515159783,click,463,396
0,1485515160208,secondvis comment clicked: t1_dc35ei5
0,1485515160215,click,492,410
0,1485515160617,secondvis comment clicked: t1_dc35aqx
0,1485515160624,click,465,399
0,1485515161255,secondvis comment clicked: t1_dc46bts
0,1485515161262,click,488,370
0,1485515161657,secondvis comment clicked: t1_dc3rl89
0,1485515161664,click,508,370
0,1485515162404,secondvis comment clicked: t1_dc4g8cn
0,1485515162410,click,530,383
0,1485515163063,click,573,403
0,1485515163054,secondvis comment clicked: t1_dc3n0rd
0,1485515163784,secondvis comment clicked: t1_dc3lvfg
0,1485515163791,click,540,420
0,1485515168390,mainvis comment clicked: dc3egq6
0,1485515168402,click,457,251
0,1485515220140,click,1187,501
0,1485515221232,sitebar thread-1 clicked
0,1485515221267,click,160,130
0,1485515226361,mainvis comment clicked: dc3o3ir
0,1485515226374,click,554,572
0,1485515231103,click,661,184
0,1485515233536,mainvis comment clicked: dc3r2jb
0,1485515233547,click,584,293
0,1485515478371,sitebar thread-5 clicked
0,1485515478391,click,122,324
0,1485515499592,mainvis comment clicked: dbyfbr2
0,1485515499611,click,374,283
0,1485515509888,mainvis comment clicked: dc00pa8
0,1485515509908,click,409,402
0,1485515513988,click,500,307
0,1485515514895,secondvis comment clicked: t1_dc00e5g
0,1485515514900,click,423,323
0,1485515517002,secondvis comment clicked: t1_dc00pa8
0,1485515517010,click,490,360
0,1485515519705,click,1071,301
0,1485515519930,click,1075,304
0,1485515524951,secondvis comment clicked: t3_5ltyko
0,1485515524958,click,421,278
0,1485515539635,click,764,455
0,1485515540437,secondvis comment clicked: t1_dc00e5g
0,1485515540442,click,438,376
0,1485515542046,click,459,358
0,1485515542411,secondvis comment clicked: t1_dc00e5g
0,1485515542417,click,439,378
0,1485515543181,secondvis comment clicked: t1_dc00e5g
0,1485515543187,click,436,379
0,1485515543736,secondvis comment clicked: t1_dc00e5g
0,1485515543742,click,440,378
0,1485515543858,secondvis comment clicked: t1_dc00e5g
0,1485515543865,click,440,378
0,1485515544257,secondvis comment clicked: t1_dc00pa8
0,1485515544264,click,498,411
0,1485515545241,secondvis comment clicked: t1_dc00e5g
0,1485515545248,click,448,370
0,1485515545982,secondvis comment clicked: t1_dc00pa8
0,1485515545989,click,518,418
0,1485515546372,secondvis comment clicked: t1_dc00e5g
0,1485515546377,click,440,369
0,1485515550950,new start date: 1483472437000
0,1485515550952,new end date: 1483592503773
0,1485515552851,new start date: 1483472437000
0,1485515552853,new end date: 1483667629748
0,1485515554674,new start date: 1483472437000
0,1485515554676,new end date: 1485159118000
0,1485515554719,click,1418,587
0,1485515557540,new start date: 1483472437000
0,1485515557542,new end date: 1483612934633
0,1485515557604,click,slider-complete
0,1485515559845,mainvis comment clicked: dbz7j5k
0,1485515559856,click,565,118
0,1485515567184,mainvis comment clicked: dbyrgnr
0,1485515567194,click,451,289
0,1485519978389,click,55,13
0,1485519980564,click,btn-start-exploring
0,1485519981459,sitebar thread-1 clicked
0,1485519981476,click,162,106
0,1485520005219,mainvis comment clicked: dc3egq6
0,1485520005237,click,458,424
0,1485520030922,click,723,654
0,1485520031929,secondvis comment clicked: t3_5mfdm1
0,1485520031938,click,555,389
0,1485520036151,click,btn-back
0,1485520037654,mainvis comment clicked: dc3egq6
0,1485520037670,click,453,366
0,1485520177520,click,1151,82
0,1485520178821,sitebar thread-1 clicked
0,1485520178859,click,124,111
0,1485520183055,click,input-url
0,1485520183999,sitebar thread-1 clicked
0,1485520184037,click,88,118
0,1485520189295,mainvis comment clicked: dc3egq6
0,1485520189308,click,456,481
0,1485520192913,click,btn-back
0,1485520194495,mainvis comment clicked: dc3egq6
0,1485520194513,click,455,364
0,1485520204281,click,timeline-visualisation
0,1485520207439,sitebar thread-1 clicked
0,1485520207474,click,168,125
0,1485520213223,mainvis comment clicked: dc3egq6
0,1485520213238,click,457,430
0,1485520217779,mainvis comment clicked: dc3egq6
0,1485520217799,click,454,367
0,1485520280136,secondvis comment clicked: t1_dc3exv7
0,1485520280157,click,701,305
0,1485612647124,click,434,176
0,1485612648270,click,input-url
0,1485612648845,click,369,111
0,1485612649207,sitebar thread-1 clicked
0,1485612649241,click,118,115
0,1485612658703,mainvis comment clicked: dc3vqre
0,1485612658726,click,639,412
0,1485612661938,secondvis comment clicked: t1_dc3stjs
0,1485612661945,click,548,256
0,1485612663046,secondvis comment clicked: t1_dc3y5av
0,1485612663052,click,564,299
0,1485612663895,secondvis comment clicked: t1_dc44nb7
0,1485612663901,click,608,289
0,1485612664704,secondvis comment clicked: t1_dc48zd5
0,1485612664709,click,634,253
0,1485612665645,secondvis comment clicked: t1_dc402k8
0,1485612665653,click,524,289
0,1485612666478,secondvis comment clicked: t1_dc4r83y
0,1485612666485,click,522,335
0,1485612667319,secondvis comment clicked: t1_dc401fk
0,1485612667325,click,490,254
0,1485612668441,secondvis comment clicked: t1_dc3wi2b
0,1485612668447,click,522,227
0,1485612670548,sitebar thread-6 clicked
0,1485612670567,click,133,397
0,1485612684854,mainvis comment clicked: dcs6qe7
0,1485612684866,click,433,327
0,1485612687932,secondvis comment clicked: t1_dcs68q7
0,1485612687942,click,495,246
0,1485612690008,secondvis comment clicked: t1_dcs6qe7
0,1485612690016,click,522,272
0,1485612744723,sitebar thread-6 clicked
0,1485612744757,click,152,408
0,1485612831379,click,1073,349
0,1485612844125,click,529,383
0,1485612846479,mainvis comment clicked: dcs6qe7
0,1485612846495,click,436,423
0,1485612848714,click,826,330
0,1485612849284,secondvis comment clicked: t1_dcs6qe7
0,1485612849291,click,555,222
0,1485612850760,secondvis comment clicked: t1_dcs68q7
0,1485612850765,click,539,189
0,1485612853143,secondvis comment clicked: t1_dcs6qe7
0,1485612853150,click,559,222
0,1485612854135,secondvis comment clicked: t1_dcs6qe7
0,1485612854144,click,564,223
0,1485612854630,secondvis comment clicked: t1_dcs6qe7
0,1485612854636,click,561,228
0,1485612855080,secondvis comment clicked: t1_dcs68q7
0,1485612855086,click,532,193
0,1485612855811,secondvis comment clicked: t1_dcs6qe7
0,1485612855817,click,564,229
0,1485612856694,secondvis comment clicked: t1_dcsetwp
0,1485612856701,click,535,260
0,1485612857594,secondvis comment clicked: t1_dcsiypf
0,1485612857600,click,500,238
0,1485612858358,secondvis comment clicked: t1_dcsf75v
0,1485612858365,click,500,282
0,1485612859292,secondvis comment clicked: t1_dcsfdzw
0,1485612859300,click,498,331
0,1485612860159,secondvis comment clicked: t1_dcsfh5p
0,1485612860165,click,544,336
0,1485612860942,secondvis comment clicked: t1_dcsh5eu
0,1485612860948,click,575,311
0,1485612861557,click,557,207
0,1485612861981,secondvis comment clicked: t1_dcs6qe7
0,1485612861988,click,573,225
0,1485612862459,secondvis comment clicked: t1_dcs68q7
0,1485612862464,click,533,194
0,1485612866968,click,tree
0,1485612868449,mainvis comment clicked: dcrut39
0,1485612868464,click,414,89
0,1485612873212,click,1089,505
0,1485612875059,secondvis comment clicked: t3_5pi9sn
0,1485612875067,click,608,350
0,1485612876403,secondvis comment clicked: t1_dcsad08
0,1485612876414,click,590,396
0,1485612877545,secondvis comment clicked: t1_dcrwb6m
0,1485612877551,click,608,412
0,1485612878505,click,main-content
0,1485612880065,sitebar thread-6 clicked
0,1485612880098,click,158,396
0,1485612889819,mainvis comment clicked: dcrul29
0,1485612889833,click,411,407
0,1485612892672,secondvis comment clicked: t1_dcrul29
0,1485612892682,click,595,458
0,1485612899632,click,body-2
0,1485612914007,click,828,462
0,1485612914200,click,slider-labels
0,1485612916293,click,1141,469
0,1485612916701,click,first-level-vis
0,1485612955369,click,920,341
0,1485613212528,sitebar thread-4 clicked
0,1485613212576,click,157,258
0,1485613212823,sitebar thread-3 clicked
0,1485613212832,click,168,226
0,1485613234158,mainvis comment clicked: dbkyi4n
0,1485613234173,click,440,475
0,1485613243007,secondvis comment clicked: t1_dbknmsz
0,1485613243014,click,562,492
0,1485613244147,click,1094,603
0,1485613244352,click,1066,583
0,1485613244610,click,1045,572
0,1485613295496,click,834,241
0,1485613297016,sitebar thread-5 clicked
0,1485613297050,click,168,321
0,1485613311667,mainvis comment clicked: dbzym3k
0,1485613311681,click,411,446
0,1485613314065,secondvis comment clicked: t1_dbzym3k
0,1485613314076,click,567,310
0,1485613317365,secondvis comment clicked: t1_dbzbkip
0,1485613317373,click,553,259
0,1485613318527,click,551,229
0,1485613319732,secondvis comment clicked: t1_dbzc2ok
0,1485613319738,click,546,230
0,1485613320643,secondvis comment clicked: t1_dbzym3k
0,1485613320649,click,569,308
0,1485613723285,sitebar thread-2 clicked
0,1485613723321,click,133,166
0,1485613756740,mainvis comment clicked: dbm9tk2
0,1485613756758,click,487,515
0,1485613760260,secondvis comment clicked: t1_dbm9tk2
0,1485613760272,click,562,305
0,1485613762040,secondvis comment clicked: t1_dbm8vv3
0,1485613762048,click,533,275
0,1485613763909,click,573,248
0,1485613764752,secondvis comment clicked: t1_dbmb9zc
0,1485613764760,click,578,255
0,1485613766324,secondvis comment clicked: t1_dbm9tk2
0,1485613766336,click,561,296
0,1485613767983,secondvis comment clicked: t1_dbm9tk2
0,1485613767992,click,563,293
0,1485613768788,secondvis comment clicked: t1_dbm9tk2
0,1485613768796,click,563,293
0,1485613769322,secondvis comment clicked: t1_dbm9tk2
0,1485613769331,click,563,293
0,1485613769944,secondvis comment clicked: t1_dbm9tk2
0,1485613769954,click,563,293
0,1485613770618,secondvis comment clicked: t1_dbm9tk2
0,1485613770626,click,562,293
0,1485613771157,secondvis comment clicked: t1_dbm9tk2
0,1485613771166,click,562,293
0,1485613771660,secondvis comment clicked: t1_dbm9tk2
0,1485613771668,click,562,292
0,1485613772117,secondvis comment clicked: t1_dbm9tk2
0,1485613772126,click,562,292
0,1485613772662,secondvis comment clicked: t1_dbm9tk2
0,1485613772669,click,562,292
0,1485613772855,secondvis comment clicked: t1_dbm9tk2
0,1485613772864,click,562,292
0,1485613776274,secondvis comment clicked: t1_dbm9tk2
0,1485613776282,click,587,299
0,1485613779731,secondvis comment clicked: t1_dbm9tk2
0,1485613779739,click,578,300
0,1485613858132,sitebar thread-1 clicked
0,1485613858167,click,107,130
0,1485613868269,mainvis comment clicked: dc3joc1
0,1485613868286,click,501,450
0,1485613870670,secondvis comment clicked: t1_dc3joc1
0,1485613870679,click,599,248
0,1485613872067,click,1252,294
0,1485613872269,click,1252,294
0,1485613872740,click,1240,295
0,1485613873330,click,1238,295
0,1485613873474,click,1238,295
0,1485613874053,click,1238,295
0,1485613874578,click,1238,295
0,1485613874744,click,1238,295
0,1485613875472,click,1209,398
0,1485613891295,click,998,421
0,1485613893180,sitebar thread-1 clicked
0,1485613893217,click,160,124
0,1485613898379,mainvis comment clicked: dc3vqre
0,1485613898393,click,635,413
0,1485613901249,secondvis comment clicked: t1_dc3vqre
0,1485613901255,click,525,469
0,1485613902359,click,989,541
0,1485613902509,click,989,541
0,1485613916348,click,972,575
0,1485613918159,click,885,257
0,1485613957750,click,988,226
0,1485613960037,sitebar thread-1 clicked
0,1485613960072,click,152,113
0,1485614003992,mainvis comment clicked: dc3vqre
0,1485614004008,click,642,413
0,1485614006457,secondvis comment clicked: t1_dc3stjs
0,1485614006466,click,560,276
0,1485614009604,secondvis comment clicked: t1_dc3wi2b
0,1485614009612,click,588,312
0,1485614010341,secondvis comment clicked: t1_dc3wi2b
0,1485614010349,click,588,312
0,1485614010873,secondvis comment clicked: t1_dc3wi2b
0,1485614010881,click,588,312
0,1485614012234,secondvis comment clicked: t1_dc3vqre
0,1485614012242,click,552,232
0,1485614012848,secondvis comment clicked: t1_dc3vqre
0,1485614012855,click,552,232
0,1485614013786,secondvis comment clicked: t1_dc48zd5
0,1485614013796,click,512,232
0,1485614014854,secondvis comment clicked: t1_dc3stjs
0,1485614014861,click,569,273
0,1485614263653,click,1025,475
0,1485614276103,sitebar thread-1 clicked
0,1485614276139,click,150,114
0,1485614281932,mainvis comment clicked: dc3vqre
0,1485614281951,click,641,407
0,1485614284431,secondvis comment clicked: t1_dc3stjs
0,1485614284447,click,550,279
0,1485614286992,click,body-2
0,1485614314747,click,955,402
0,1485614316487,sitebar thread-1 clicked
0,1485614316524,click,164,117
0,1485614321380,mainvis comment clicked: dc3joc1
0,1485614321399,click,506,452
0,1485614323234,click,574,319
0,1485614323744,secondvis comment clicked: t1_dc3joc1
0,1485614323750,click,575,304
0,1485614344267,click,996,291
0,1485614344695,click,996,291
0,1485614375779,click,tree
0,1485614376856,sitebar thread-1 clicked
0,1485614376893,click,149,115
0,1485614382220,mainvis comment clicked: dc3vqre
0,1485614382234,click,638,407
0,1485614390630,secondvis comment clicked: t1_dc46kuw
0,1485614390640,click,599,291
0,1485614403094,secondvis comment clicked: t1_dc46kuw
0,1485614403106,click,594,286
0,1485614404465,secondvis comment clicked: t1_dc46kuw
0,1485614404474,click,597,289
0,1485614405453,secondvis comment clicked: t1_dc46kuw
0,1485614405461,click,597,289
0,1485614406446,secondvis comment clicked: t1_dc46kuw
0,1485614406455,click,597,289
0,1485614407370,secondvis comment clicked: t1_dc46kuw
0,1485614407378,click,597,289
0,1485614408192,secondvis comment clicked: t1_dc46kuw
0,1485614408200,click,597,289
0,1485614408898,secondvis comment clicked: t1_dc46kuw
0,1485614408905,click,597,289
0,1485614409705,secondvis comment clicked: t1_dc46kuw
0,1485614409714,click,600,289
0,1485614410369,secondvis comment clicked: t1_dc46kuw
0,1485614410376,click,600,289
0,1485614410973,secondvis comment clicked: t1_dc46kuw
0,1485614410982,click,600,289
0,1485614421900,click,701,261
0,1485614423996,sitebar thread-3 clicked
0,1485614424031,click,154,220
0,1485614437511,mainvis comment clicked: dchbtd8
0,1485614437527,click,494,443
0,1485614439826,secondvis comment clicked: t1_dchbtd8
0,1485614439844,click,577,327
0,1485614442361,secondvis comment clicked: t1_dchej6b
0,1485614442371,click,536,250
0,1485614443657,secondvis comment clicked: t1_dchd003
0,1485614443666,click,560,280
0,1485614485952,click,1008,410
0,1485614487139,sitebar thread-1 clicked
0,1485614487172,click,194,133
0,1485614491833,mainvis comment clicked: dc3vqre
0,1485614491848,click,635,410
0,1485614493822,click,549,285
0,1485614494246,secondvis comment clicked: t1_dc3vqre
0,1485614494252,click,567,289
0,1485614495276,click,999,326
0,1485614550460,click,954,446
0,1485614551708,sitebar thread-1 clicked
0,1485614551746,click,165,102
0,1485614565985,mainvis comment clicked: dc3vqre
0,1485614566001,click,645,411
0,1485614570331,secondvis comment clicked: t1_dc3stjs
0,1485614570338,click,567,504
0,1485614581688,click,1138,517
0,1485614583305,click,1004,545
0,1485614584136,click,1004,544
0,1485614586316,click,1004,544
0,1485614587302,click,996,541
0,1485614587483,click,996,541
0,1485614588115,click,990,543
0,1485614588649,click,990,543
0,1485614589108,click,1064,602
0,1485614589565,click,972,546
0,1485614589741,click,972,546
0,1485614590180,click,990,546
0,1485614590483,click,990,546
0,1485614590665,click,990,546
0,1485614590819,click,990,546
0,1485614591535,click,body-2
0,1485614616591,click,1101,612
0,1485614622497,sitebar thread-1 clicked
0,1485614622532,click,161,121
0,1485614630393,sitebar thread-1 clicked
0,1485614630412,click,163,115
0,1485614635684,click,628,424
0,1485614636309,mainvis comment clicked: dc3vltf
0,1485614636325,click,632,427
0,1485614638747,secondvis comment clicked: t1_dc3exv7
0,1485614638754,click,577,441
0,1485614646225,click,996,544
0,1485614678046,click,second-vis-legend
0,1485614679626,sitebar thread-1 clicked
0,1485614679661,click,128,124
0,1485614684806,mainvis comment clicked: dc40p49
0,1485614684821,click,713,528
0,1485614687576,secondvis comment clicked: t1_dc40p49
0,1485614687584,click,577,264
0,1485614688656,click,1008,324
0,1485614714663,click,982,384
0,1485614715371,click,983,382
0,1485614715546,click,983,382
0,1485614716191,click,986,382
0,1485614731363,secondvis comment clicked: t1_dc40lwh
0,1485614731373,click,539,278
0,1485614732750,click,995,321
0,1485614748178,click,1015,449
0,1485614965118,click,1036,416
0,1485614967227,sitebar thread-1 clicked
0,1485614967265,click,153,125
0,1485614972910,mainvis comment clicked: dc3vqre
0,1485614972926,click,636,413
0,1485614975695,secondvis comment clicked: t1_dc3stjs
0,1485614975705,click,578,303
0,1485614976907,secondvis comment clicked: t1_dc3vqre
0,1485614976915,click,527,299
0,1485614978567,click,1125,341
0,1485614988240,click,1130,400
0,1485614991782,mainvis comment clicked: dc35ei5
0,1485614991796,click,390,191
0,1485614996022,click,602,289
0,1485614997029,secondvis comment clicked: t1_dc35aqx
0,1485614997037,click,622,284
0,1485614998126,secondvis comment clicked: t1_dc35ei5
0,1485614998132,click,591,268
0,1485614999267,secondvis comment clicked: t1_dc3m106
0,1485614999273,click,595,303
0,1485615000298,secondvis comment clicked: t1_dc3wt99
0,1485615000304,click,576,298
0,1485615001341,secondvis comment clicked: t1_dc400zl
0,1485615001347,click,560,279
0,1485615003172,click,1106,312
0,1485615008267,click,1035,426
0,1485615031462,click,second-vis-legend
0,1485615032780,sitebar thread-1 clicked
0,1485615032813,click,193,129
0,1485615038692,mainvis comment clicked: dc3vqre
0,1485615038707,click,640,414
0,1485615041218,click,1128,202
0,1485615041656,click,1128,202
0,1485615041830,click,1128,202
0,1485615041984,click,1128,202
0,1485615042482,click,1119,310
0,1485615043255,secondvis comment clicked: t1_dc3stjs
0,1485615043261,click,551,277
0,1485615045531,secondvis comment clicked: t1_dc402k8
0,1485615045539,click,571,232
0,1485615046699,secondvis comment clicked: t1_dc48zd5
0,1485615046705,click,500,231
0,1485615047689,secondvis comment clicked: t1_dc44nb7
0,1485615047695,click,489,301
0,1485615048684,secondvis comment clicked: t1_dc46kuw
0,1485615048690,click,549,316
0,1485615049439,secondvis comment clicked: t1_dc3y5av
0,1485615049446,click,583,310
0,1485615050942,click,1088,341
0,1485615053320,click,1082,347
0,1485615053589,click,body-2
0,1485615054174,click,1131,194
0,1485615065931,click,body-1
0,1485615066109,click,body-1
0,1485615066785,click,1137,298
0,1485615087204,click,775,185
0,1485615090361,sitebar thread-6 clicked
0,1485615090402,click,89,383
0,1485615139736,mainvis comment clicked: dcrqxq0
0,1485615139751,click,403,388
0,1485615145302,click,1023,233
0,1485615147097,secondvis comment clicked: t1_dcrtxh5
0,1485615147105,click,767,307
0,1485615148496,click,1104,451
0,1485615150752,secondvis comment clicked: t1_dcrcfwb
0,1485615150761,click,618,370
0,1485615152221,click,1133,440
0,1485615154885,secondvis comment clicked: t1_dcs1ahd
0,1485615154892,click,724,418
0,1485615155894,click,1163,444
0,1485615164547,secondvis comment clicked: t3_5pi9sn
0,1485615164555,click,591,267
0,1485615166341,secondvis comment clicked: t1_dcrqxq0
0,1485615166348,click,482,256
0,1485615167261,click,1122,447
0,1485615181733,click,body-2
0,1485615181933,click,1138,450
0,1485615185270,secondvis comment clicked: t1_dcs6qe7
0,1485615185275,click,737,348
0,1485615186884,click,1212,442
0,1485615191390,secondvis comment clicked: t1_dcrcfwb
0,1485615191398,click,616,373
0,1485615192493,click,1135,441
0,1485615196761,sitebar thread-1 clicked
0,1485615196787,click,158,112
0,1485615203532,mainvis comment clicked: dc35aqx
0,1485615203542,click,371,533
0,1485615208028,secondvis comment clicked: t3_5mfdm1
0,1485615208037,click,531,528
0,1485615210997,click,1132,295
0,1485615215275,sitebar thread-1 clicked
0,1485615215317,click,125,125
0,1485615219839,mainvis comment clicked: dc35aqx
0,1485615219854,click,373,642
0,1485615224578,click,699,354
0,1485615225026,secondvis comment clicked: t1_dc3hll0
0,1485615225034,click,678,356
0,1485615225992,click,1160,397
0,1485615244997,click,952,91
0,1485615249147,sitebar thread-1 clicked
0,1485615249183,click,153,119
0,1485615253971,mainvis comment clicked: dc35aqx
0,1485615253986,click,376,653
0,1485615258242,secondvis comment clicked: t1_dc3jq7c
0,1485615258250,click,514,604
0,1485615259661,click,1137,566
0,1485615271879,mainvis comment clicked: dc3exv7
0,1485615271901,click,461,247
0,1485615273654,click,body-1
0,1485615274079,click,1112,192
0,1485615274968,click,1111,200
0,1485615275246,click,1111,200
0,1485615275435,click,1111,200
0,1485615275585,click,1111,200
0,1485615276274,click,656,310
0,1485615276814,secondvis comment clicked: t1_dc3r2jb
0,1485615276823,click,663,306
0,1485615277872,click,1112,198
0,1485615310273,click,942,128
0,1485615311475,sitebar thread-1 clicked
0,1485615311510,click,160,117
0,1485615348453,mainvis comment clicked: dc3ful2
0,1485615348470,click,468,532
0,1485615352012,click,1157,430
0,1485615353475,secondvis comment clicked: t1_dc3ful2
0,1485615353486,click,709,316
0,1485615354857,click,1162,326
0,1485615378925,click,1163,180
0,1485615515246,click,807,413
0,1485615554607,click,711,379
0,1485615556055,sitebar thread-1 clicked
0,1485615556090,click,144,106
0,1485615610762,mainvis comment clicked: dc3exv7
0,1485615610778,click,464,471
0,1485615613955,click,1117,432
0,1485615614959,click,1114,431
0,1485615615111,click,1114,431
0,1485615616396,secondvis comment clicked: t1_dc3utez
0,1485615616403,click,663,338
0,1485615618617,click,1108,231
0,1485615621001,click,1146,438
0,1485615624665,click,1070,442
0,1485615689957,click,739,288
0,1485615692352,sitebar thread-1 clicked
0,1485615692401,click,146,135
0,1485615699555,mainvis comment clicked: dc3ful2
0,1485615699568,click,469,530
0,1485615702362,click,1163,428
0,1485615706490,click,1161,428
0,1485615706644,click,1161,428
0,1485615706742,click,1161,428
0,1485615707618,click,714,516
0,1485615708207,secondvis comment clicked: t1_dc3llh5
0,1485615708212,click,721,504
0,1485615710481,click,1156,427
0,1485615779366,click,793,237
0,1485615782228,sitebar thread-1 clicked
0,1485615782263,click,45,129
0,1485615799021,mainvis comment clicked: dc3exv7
0,1485615799036,click,454,571
0,1485615801654,click,1111,195
0,1485615802448,click,571,306
0,1485615802862,secondvis comment clicked: t1_dc3nq8s
0,1485615802868,click,584,300
0,1485615803926,click,1098,338
0,1485615805152,click,990,478
0,1485615806117,click,1107,340
0,1485615806918,click,991,480
0,1485615808694,click,1099,340
0,1485615810383,click,1116,195
0,1485615817564,click,1039,304
0,1485615909194,sitebar thread-1 clicked
0,1485615909236,click,109,120
0,1485615934259,mainvis comment clicked: dc3exv7
0,1485615934305,click,460,471
0,1485615938059,click,1115,426
0,1485615940779,secondvis comment clicked: t1_dc3r2jb
0,1485615940790,click,488,590
0,1485615942902,secondvis comment clicked: t1_dc3egq6
0,1485615942908,click,570,358
0,1485615944189,secondvis comment clicked: t1_dc3exv7
0,1485615944195,click,608,321
0,1485615951615,click,1224,373
0,1485615958168,click,1107,224
0,1485615964740,secondvis comment clicked: t1_dc3egq6
0,1485615964746,click,571,443
0,1485615967053,secondvis comment clicked: t1_dc3exv7
0,1485615967059,click,632,119
0,1485615968835,click,1264,293
0,1485615970748,click,1224,323
0,1485615995889,click,second-vis-legend
0,1485615999209,sitebar thread-1 clicked
0,1485615999244,click,135,117
0,1485616007987,mainvis comment clicked: dc3exv7
0,1485616008002,click,459,471
0,1485616040732,click,first-level-vis
0,1485616042671,click,1222,184
0,1485616044435,secondvis comment clicked: t1_dc3exv7
0,1485616044442,click,541,298
0,1485616047601,click,1233,179
0,1485616057781,click,1271,298
0,1485616058870,click,1228,325
0,1485616060582,secondvis comment clicked: t1_dc3exv7
0,1485616060588,click,548,299
0,1485616061392,secondvis comment clicked: t1_dc3utez
0,1485616061399,click,629,323
0,1485616063075,click,1271,329
0,1485616089332,click,1066,561
0,1485616092748,sitebar thread-1 clicked
0,1485616092786,click,87,114
0,1485616181967,mainvis comment clicked: dc3exv7
0,1485616181983,click,462,569
0,1485616184307,secondvis comment clicked: t1_dc3egq6
0,1485616184315,click,574,257
0,1485616184918,secondvis comment clicked: t1_dc3exv7
0,1485616184925,click,533,238
0,1485616187218,click,1235,347
0,1485616212233,click,652,573
0,1485616213217,sitebar thread-1 clicked
0,1485616213270,click,122,126
0,1485616228108,mainvis comment clicked: dc3exv7
0,1485616228124,click,460,464
0,1485616230154,secondvis comment clicked: t1_dc3exv7
0,1485616230161,click,546,316
0,1485616232153,click,1243,341
0,1485616234360,click,1268,441
0,1485616235979,click,1230,383
0,1485616239184,click,1269,301
0,1485616254980,click,946,362
0,1485616256455,sitebar thread-1 clicked
0,1485616256489,click,121,131
0,1485616266976,mainvis comment clicked: dc3exv7
0,1485616266988,click,457,464
0,1485616269385,click,1240,188
0,1485616270933,secondvis comment clicked: t1_dc3egq6
0,1485616270939,click,615,307
0,1485616271676,click,1251,204
0,1485616396694,click,first-level-vis
0,1485616398111,sitebar thread-1 clicked
0,1485616399301,sitebar thread-1 clicked
0,1485616399337,click,149,112
0,1485616427405,click,svgd
0,1485616429130,sitebar thread-1 clicked
0,1485616429177,click,141,104
0,1485616480021,click,svgd
0,1485616481220,sitebar thread-1 clicked
0,1485616481253,click,148,108
0,1485616488168,download-btn clicked
0,1485616488190,click,1212,344
0,1485616488314,click,0,0
0,1485616495687,mainvis comment clicked: dc3exv7
0,1485616495702,click,460,467
0,1485616521590,click,1297,502
0,1485616523053,click,sidebar-collapse
0,1485616524854,sitebar thread-1 clicked
0,1485616524893,click,120,127
0,1485616536944,click,1078,421
0,1485616539175,sitebar thread-1 clicked
0,1485616539215,click,156,115
0,1485616560235,click,sidebar-collapse
0,1485616561251,sitebar thread-1 clicked
0,1485616561288,click,134,125
0,1485616566694,click,1390,479
0,1485616567449,click,1248,474
0,1485616587498,click,svgd
0,1485616589149,sitebar thread-1 clicked
0,1485616589186,click,160,127
0,1485616609444,click,svgd
0,1485616610902,sitebar thread-1 clicked
0,1485616610943,click,149,128
0,1485616642481,click,1204,458
0,1485616642621,click,1204,458
0,1485616643873,click,first-level-vis
0,1485775840487,sitebar thread-1 clicked
0,1485775840534,click,168,109
0,1485775871355,click,588,232
0,1485776267521,sitebar thread-1 clicked
0,1485776267577,click,201,124
0,1485776277430,click,1336,516
0,1485776307419,sitebar thread-1 clicked
0,1485776307471,click,208,133
0,1485776315717,click,1336,468
0,1485776615271,sitebar thread-1 clicked
0,1485776615323,click,109,134
0,1485776658122,sitebar thread-1 clicked
0,1485776658174,click,166,114
0,1485776694504,sitebar thread-1 clicked
0,1485776694556,click,169,128
0,1485776723397,sitebar thread-1 clicked
0,1485776723449,click,172,125
0,1485776770521,sitebar thread-1 clicked
0,1485776770577,click,140,110
0,1485776987769,sitebar thread-1 clicked
0,1485776987821,click,96,124
0,1485776995121,click,1381,626
0,1485777001678,click,download-raw-data
0,1485777002573,click,1377,652
0,1485777012675,sitebar thread-1 clicked
0,1485777012727,click,178,128
0,1485777022146,click,1412,433
0,1485777023290,click,1412,433
0,1485777048753,sitebar thread-1 clicked
0,1485777048805,click,148,124
0,1485777054610,click,1392,516
0,1485777127530,sitebar thread-1 clicked
0,1485777127578,click,208,118
0,1485777135828,click,1408,466
0,1485777203070,sitebar thread-1 clicked
0,1485777203126,click,144,124
0,1485777213791,click,1417,466
0,1485777259080,sitebar thread-1 clicked
0,1485777259132,click,176,124
0,1485777269202,click,1416,464
0,1485777280084,sitebar thread-1 clicked
0,1485777280136,click,204,125
0,1485777286694,click,1380,572
0,1485777301924,sitebar thread-1 clicked
0,1485777301972,click,164,114
0,1485777307514,click,1388,553
0,1485777329343,sitebar thread-1 clicked
0,1485777329395,click,124,114
0,1485777336393,click,1393,444
0,1485777349070,sitebar thread-1 clicked
0,1485777349122,click,88,105
0,1485777354770,click,1400,588
0,1485777387050,sitebar thread-1 clicked
0,1485777387130,click,177,108
0,1485777392791,click,1404,569
0,1485777417370,sitebar thread-5 clicked
0,1485777417398,click,160,338
0,1485777506576,click,1402,656
0,1485777513275,click,1408,476
0,1485777556600,sitebar thread-5 clicked
0,1485777556652,click,132,314
0,1485777574588,sitebar thread-2 clicked
0,1485777574628,click,132,154
0,1485777632807,sitebar thread-1 clicked
0,1485777632855,click,104,110
0,1485785049012,sitebar thread-1 clicked
0,1485785049032,click,156,126
0,1485785075872,click,1380,522
0,1485785109066,click,1326,560
0,1485785109232,click,1326,560
0,1485785109733,click,1326,560
0,1485785110226,click,1326,560
0,1485785110754,click,1326,560
0,1485785112131,click,1404,556
0,1485785112297,click,1404,556
0,1485785112465,click,1404,556
0,1485785113146,click,1434,602
0,1485785119533,mainvis comment clicked: dc3egq6
0,1485785119545,click,501,604
0,1485785136212,click,740,445
0,1485785151512,secondvis comment clicked: t1_dc35aqx
0,1485785151526,click,673,360
0,1485785152922,click,616,338
0,1485785153665,secondvis comment clicked: t1_dc3egq6
0,1485785153665,click,621,338
0,1485785154612,secondvis comment clicked: t1_dc3hll0
0,1485785154616,click,556,324
0,1485785156031,click,1293,430
0,1485785157418,click,1341,549
0,1485785174826,click,608,352
0,1485785177916,click,404,690
0,1485785178180,click,404,689
0,1485785260481,click,1085,348
0,1485786019109,click,836,574
0,1485786415742,click,1260,688
0,1485789662034,sitebar thread-1 clicked
0,1485789662054,click,229,121
0,1485789671927,mainvis comment clicked: dc3joc1
0,1485789671939,click,554,446
0,1485789676127,click,488,448
0,1485789677127,secondvis comment clicked: t1_dc3ful2
0,1485789677131,click,553,372
0,1485789685542,sitebar thread-1 clicked
0,1485789685566,click,186,122
0,1485789690584,mainvis comment clicked: dc3vqre
0,1485789690600,click,716,412
0,1485789719584,click,1321,268
0,1485789720492,click,1321,266
0,1485789720687,click,1321,266
0,1485789720892,click,1321,266
0,1485789722933,click,618,322
0,1485789723518,secondvis comment clicked: t1_dc3stjs
0,1485789723518,click,629,320
0,1485789725314,click,1304,256
0,1485789726349,click,1344,260
0,1485789728662,click,624,360
0,1485789729488,secondvis comment clicked: t1_dc3vqre
0,1485789729503,click,636,364
0,1485789732452,secondvis comment clicked: t1_dc3y5av
0,1485789732455,click,594,302
0,1485789734238,secondvis comment clicked: t1_dc402k8
0,1485789734241,click,624,278
0,1485789735879,secondvis comment clicked: t1_dc3wi2b
0,1485789735883,click,674,316
0,1485789737460,secondvis comment clicked: t1_dc401fk
0,1485789737464,click,706,352
0,1485789743329,mainvis comment clicked: dc3ful2
0,1485789743349,click,506,530
0,1485789747994,click,610,496
0,1485789748642,secondvis comment clicked: t3_5mfdm1
0,1485789748646,click,610,505
0,1485789750792,click,1298,548
0,1485789752012,click,1397,404
0,1485789754296,click,1048,524
0,1485789857523,sitebar thread-1 clicked
0,1485789857547,click,164,125
0,1485789865986,mainvis comment clicked: dc3exv7
0,1485789865994,click,504,626
0,1485789870334,secondvis comment clicked: t1_dc3njdp
0,1485789870338,click,616,292
0,1485789872162,click,1330,400
0,1485789873109,click,1268,252
0,1485789875707,click,1292,397
0,1485789878441,click,btn-back
0,1485790193207,sitebar thread-1 clicked
0,1485790193227,click,110,120
0,1485790204347,sitebar thread-1 clicked
0,1485790204371,click,204,128
0,1485790476655,sitebar thread-1 clicked
0,1485790476679,click,128,118
0,1485790488510,click,svgd
0,1485790520658,click,svgd
0,1485968330188,click,btn-start-exploring
0,1485968331285,sitebar thread-1 clicked
0,1485968331295,click,180,114
0,1485968355680,click,1436,260
0,1485968356055,click,1436,260
0,1485968377082,mainvis comment clicked: dc3egq6
0,1485968377097,click,494,382
0,1485968637450,click,btn-start-exploring
0,1485968638098,sitebar thread-1 clicked
0,1485968638108,click,182,121
0,1485969648581,mainvis comment clicked: dc3jq7c
0,1485969648591,click,568,494
0,1485969724448,click,1256,458
0,1485969725887,secondvis comment clicked: t3_5mfdm1
0,1485969725893,click,578,497
0,1486045801425,click,btn-start-exploring
0,1486045802261,sitebar thread-1 clicked
0,1486045802271,click,213,128
0,1486045890063,click,svgd
0,1486048107570,click,60,16
0,1486048115129,click,btn-start-exploring
0,1486048117192,sitebar thread-1 clicked
0,1486048117201,click,133,126
0,1486048131790,click,ranking-2
0,1486048133295,click,1337,642
0,1486048133747,click,1336,642
0,1486048134593,click,ranking-1
0,1486048135841,click,ranking-2
0,1486048136614,click,ranking-1
0,1486048140436,new start date: 1483729153000
0,1486048140436,new end date: 1483796746962
0,1486048141790,new start date: 1483729153000
0,1486048141791,new end date: 1483772123079
0,1486048145337,click,56,30
0,1486048146306,click,btn-start-exploring
0,1486048149577,click,1401,21
0,1486048163009,click,input-url
0,1486048163928,btn-load clicked
0,1486048163942,click,btn-load
0,1486048182498,download-btn clicked
0,1486048182513,click,download-graphics
0,1486048182584,click,0,0
0,1486048184121,click,download-raw-data
0,1486048185166,click,download-raw-data
0,1486048186213,click,1392,612
0,1486048193474,sitebar thread-6 clicked
0,1486048193492,click,170,410
0,1486048217374,mainvis comment clicked: dcrv5hf
0,1486048217389,click,436,466
0,1486048223622,click,850,606
0,1486048223825,click,870,608
0,1486048232948,click,814,413
0,1486048235775,btn-load clicked
0,1486048235792,click,btn-load
0,1486048302663,mainvis comment clicked: dd8bgir
0,1486048302670,click,444,116
0,1486048310911,click,708,406
0,1486048311872,secondvis comment clicked: t1_dd8bgir
0,1486048311878,click,752,386
0,1486048315064,secondvis comment clicked: t3_5rm12c
0,1486048315067,click,640,410
0,1486048317258,secondvis comment clicked: t1_dd8bgir
0,1486048317261,click,758,382
0,1486048318947,secondvis comment clicked: t3_5rm12c
0,1486048318949,click,641,406
0,1486048319809,secondvis comment clicked: t1_dd8bgir
0,1486048319812,click,757,385
0,1486048321016,secondvis comment clicked: t3_5rm12c
0,1486048321019,click,642,408
0,1486048321842,secondvis comment clicked: t1_dd8bgir
0,1486048321845,click,756,378
0,1486048324119,click,696,368
0,1486048324905,secondvis comment clicked: t1_dd8h2oe
0,1486048324908,click,730,392
0,1486048325981,secondvis comment clicked: t1_dd8bgir
0,1486048325984,click,637,414
0,1486048326680,click,644,396
0,1486048331167,secondvis comment clicked: t1_dd8f6wr
0,1486048331170,click,728,326
0,1486048333755,secondvis comment clicked: t1_dd8gh1x
0,1486048333758,click,616,286
0,1486048334911,secondvis comment clicked: t3_5rm12c
0,1486048334914,click,612,440
0,1486048952522,click,btn-start-exploring
0,1486048953370,sitebar thread-1 clicked
0,1486048953379,click,189,118
0,1486048971013,click,1372,594
0,1486049066770,click,main-vis
0,1486049208911,click,main-vis
0,1486049216629,sitebar thread-6 clicked
0,1486049216642,click,130,392
0,1486049232578,sitebar thread-3 clicked
0,1486049232588,click,158,221
0,1486049707532,click,1288,673
0,1486049714368,mainvis comment clicked: dch5jsq
0,1486049714381,click,496,294
0,1486049720844,mainvis comment clicked: dch5jsq
0,1486049720851,click,493,370
0,1486049867168,click,1356,408
0,1486049872736,sitebar thread-4 clicked
0,1486049872752,click,117,262
0,1486049883851,sitebar thread-1 clicked
0,1486049883863,click,156,132
0,1486049938272,mainvis comment clicked: dc3llh5
0,1486049938277,click,572,522
0,1486049943616,mainvis comment clicked: dc3exv7
0,1486049943623,click,504,377
0,1486049951548,mainvis comment clicked: dc3uzep
0,1486049951555,click,700,177
0,1486049954814,mainvis comment clicked: dc3r2jb
0,1486049954822,click,644,174
0,1486049958257,mainvis comment clicked: dc3nq8s
0,1486049958261,click,604,76
0,1486049964216,mainvis comment clicked: dc3nkax
0,1486049964224,click,597,320
0,1486049967444,mainvis comment clicked: dc3utez
0,1486049967449,click,692,276
0,1486049969888,sitebar thread-6 clicked
0,1486049969899,click,200,378
0,1486049981771,mainvis comment clicked: dcrcfwb
0,1486049981775,click,400,374
0,1486049999256,new start date: 1485106021000
0,1486049999258,new end date: 1485163002934
0,1486050001043,mainvis comment clicked: dcrugq2
0,1486050001053,click,724,338
